,player_id,birthDate,draft_year,name,position,college,salary,season_end,season_start,team,lat,long
0,acyqu01,6-Oct-90,2012.0,Quincy Acy,Power Forward,Baylor University,1709538.0,2018.0,2017.0,Brooklyn Nets,31.5469132,-97.1210998
1,jackspi01,29-Aug-91,2013.0,Pierre Jackson,Point Guard,Baylor University,105498.0,2017.0,2016.0,Dallas Mavericks,31.5469132,-97.1210998
2,jeffeco01,26-Dec-90,2014.0,Cory Jefferson,Power Forward,Baylor University,421449.0,2016.0,2015.0,Phoenix Suns,31.5469132,-97.1210998
3,jonespe01,24-Sep-91,2012.0,Perry Jones,Small Forward,Baylor University,2038206.0,2016.0,2015.0,Boston Celtics,31.5469132,-97.1210998
4,millequ01,18-Nov-92,2012.0,Quincy Miller,Power Forward,Baylor University,50000.0,2016.0,2015.0,Brooklyn Nets,31.5469132,-97.1210998
5,princta02,22-Mar-94,2016.0,Taurean Prince,Small Forward,Baylor University,2422560.0,2018.0,2017.0,Atlanta Hawks,31.5469132,-97.1210998
6,adamsst01,20-Jul-93,2013.0,Steven Adams,Center,University of Pittsburgh,22471910.0,2018.0,2017.0,Oklahoma City Thunder,40.4443533,-79.960835
7,pattela01,12-Aug-91,2014.0,Lamar Patterson,Shooting Guard,University of Pittsburgh,100000.0,2017.0,2016.0,Sacramento Kings,40.4443533,-79.960835
8,adebaba01,18-Jul-97,2017.0,Bam Adebayo,Center,University of Kentucky,2490360.0,2018.0,2017.0,Miami Heat,38.0306511,-84.5039697
9,bledser01,9-Dec-89,2010.0,Eric Bledsoe,Point Guard,University of Kentucky,14500000.0,2018.0,2017.0,Milwaukee Bucks,38.0306511,-84.5039697
10,bookede01,30-Oct-96,2015.0,Devin Booker,Shooting Guard,University of Kentucky,2319360.0,2018.0,2017.0,Phoenix Suns,38.0306511,-84.5039697
11,caulewi01,18-Aug-93,2015.0,Willie Cauley-Stein,Center,University of Kentucky,3704160.0,2018.0,2017.0,Sacramento Kings,38.0306511,-84.5039697
12,couside01,13-Aug-90,2010.0,DeMarcus Cousins,Center,University of Kentucky,18063850.0,2018.0,2017.0,New Orleans Pelicans,38.0306511,-84.5039697
13,davisan02,11-Mar-93,2012.0,Anthony Davis,Power Forward,University of Kentucky,23775506.0,2018.0,2017.0,New Orleans Pelicans,38.0306511,-84.5039697
14,foxde01,20-Dec-97,2017.0,De'Aaron Fox,Point Guard,University of Kentucky,4609200.0,2018.0,2017.0,Sacramento Kings,38.0306511,-84.5039697
15,goodwar01,17-Aug-94,2013.0,Archie Goodwin,Point Guard,University of Kentucky,95600.0,2017.0,2016.0,New Orleans Pelicans,38.0306511,-84.5039697
16,harrejo01,12-Feb-89,2011.0,Josh Harrellson,Power Forward,University of Kentucky,884293.0,2014.0,2013.0,Detroit Pistons,38.0306511,-84.5039697
17,harrian01,28-Oct-94,2015.0,Andrew Harrison,Point Guard,University of Kentucky,1312611.0,2018.0,2017.0,Memphis Grizzlies,38.0306511,-84.5039697
18,johnsda04,22-Sep-95,2015.0,Dakari Johnson,Center,University of Kentucky,815615.0,2018.0,2017.0,Oklahoma City Thunder,38.0306511,-84.5039697
19,joneste01,9-Jan-92,2012.0,Terrence Jones,Power Forward,University of Kentucky,236457.0,2017.0,2016.0,Milwaukee Bucks,38.0306511,-84.5039697
20,kiddgmi01,26-Sep-93,2012.0,Michael Kidd-Gilchrist,Small Forward,University of Kentucky,13000000.0,2018.0,2017.0,Charlotte Hornets,38.0306511,-84.5039697
21,knighbr03,2-Dec-91,2011.0,Brandon Knight,Point Guard,University of Kentucky,13618750.0,2018.0,2017.0,Phoenix Suns,38.0306511,-84.5039697
22,labissk01,18-Mar-96,2016.0,Skal Labissiere,Power Forward,University of Kentucky,1312611.0,2018.0,2017.0,Sacramento Kings,38.0306511,-84.5039697
23,lambdo01,6-Nov-91,2012.0,Doron Lamb,Shooting Guard,University of Kentucky,788872.0,2014.0,2013.0,Orlando Magic,38.0306511,-84.5039697
24,liggide01,31-Mar-88,2011.0,DeAndre Liggins,Shooting Guard,University of Kentucky,26773.0,2018.0,2017.0,Atlanta Hawks,38.0306511,-84.5039697
25,lylestr01,5-Nov-95,2015.0,Trey Lyles,Power Forward,University of Kentucky,2441400.0,2018.0,2017.0,Denver Nuggets,38.0306511,-84.5039697
26,milleda01,21-Mar-90,2012.0,Darius Miller,Small Forward,University of Kentucky,2100000.0,2018.0,2017.0,New Orleans Pelicans,38.0306511,-84.5039697
27,monkma01,4-Feb-98,2017.0,Malik Monk,Shooting Guard,University of Kentucky,2904480.0,2018.0,2017.0,Charlotte Hornets,38.0306511,-84.5039697
28,murraja01,23-Feb-97,2016.0,Jamal Murray,Shooting Guard,University of Kentucky,3355320.0,2018.0,2017.0,Denver Nuggets,38.0306511,-84.5039697
29,noelne01,10-Apr-94,2013.0,Nerlens Noel,Power Forward,University of Kentucky,4187599.0,2018.0,2017.0,Dallas Mavericks,38.0306511,-84.5039697
30,ortonda01,6-Aug-90,2010.0,Daniel Orton,Center and,University of Kentucky,757712.0,2013.0,2012.0,Oklahoma City Thunder,38.0306511,-84.5039697
31,pattepa01,14-Mar-89,2010.0,Patrick Patterson,Power Forward,University of Kentucky,5192000.0,2018.0,2017.0,Oklahoma City Thunder,38.0306511,-84.5039697
32,randlju01,29-Nov-94,2014.0,Julius Randle,Power Forward,University of Kentucky,4149242.0,2018.0,2017.0,Los Angeles Lakers,38.0306511,-84.5039697
33,teaguma01,28-Feb-93,2012.0,Marquis Teague,Point Guard,University of Kentucky,157945.0,2018.0,2017.0,Memphis Grizzlies,38.0306511,-84.5039697
34,townska01,15-Nov-95,2015.0,Karl-Anthony Towns,Center,University of Kentucky,6216840.0,2018.0,2017.0,Minnesota Timberwolves,38.0306511,-84.5039697
35,ulisty01,5-Jan-96,2016.0,Tyler Ulis,Point Guard,University of Kentucky,1312611.0,2018.0,2017.0,Phoenix Suns,38.0306511,-84.5039697
36,walljo01,6-Sep-90,2010.0,John Wall,Point Guard,University of Kentucky,18063850.0,2018.0,2017.0,Washington Wizards,38.0306511,-84.5039697
37,alabiso01,21-Mar-88,2010.0,Solomon Alabi,Center,Florida State University,830000.0,2012.0,2011.0,Toronto Raptors,30.4418778,-84.29848890000002
38,bacondw01,30-Aug-95,2017.0,Dwayne Bacon,Shooting Guard,Florida State University,815615.0,2018.0,2017.0,Charlotte Hornets,30.4418778,-84.29848890000002
39,beaslma01,26-Nov-96,2016.0,Malik Beasley,Shooting Guard,Florida State University,1700640.0,2018.0,2017.0,Denver Nuggets,30.4418778,-84.29848890000002
40,isaacjo01,3-Oct-97,2017.0,Jonathan Isaac,Power Forward,Florida State University,4186320.0,2018.0,2017.0,Orlando Magic,30.4418778,-84.29848890000002
41,jamesbe01,7-Feb-85,2012.0,Bernard James,Center,Florida State University,236866.0,2015.0,2014.0,Dallas Mavericks,30.4418778,-84.29848890000002
42,reidry01,30-Oct-86,2010.0,Ryan Reid,Power Forward,Florida State University,475000.0,2012.0,2011.0,Oklahoma City Thunder,30.4418778,-84.29848890000002
43,singlch01,21-Nov-89,2011.0,Chris Singleton,Small Forward,Florida State University,1618680.0,2014.0,2013.0,Washington Wizards,30.4418778,-84.29848890000002
44,aldrico01,31-Oct-88,2010.0,Cole Aldrich,Center,University of Kansas,7300000.0,2018.0,2017.0,Minnesota Timberwolves,38.9543439,-95.25579609999998
45,diallch01,13-Sep-96,2016.0,Cheick Diallo,Power Forward,University of Kansas,1312611.0,2018.0,2017.0,New Orleans Pelicans,38.9543439,-95.25579609999998
46,embiijo01,16-Mar-94,2014.0,Joel Embiid,Center,University of Kansas,6100266.0,2018.0,2017.0,Philadelphia 76ers,38.9543439,-95.25579609999998
47,henryxa01,15-Mar-91,2010.0,Xavier Henry,Small Forward,University of Kansas,1082000.0,2015.0,2014.0,Los Angeles Lakers,38.9543439,-95.25579609999998
48,jacksjo02,10-Feb-97,2017.0,Josh Jackson,Small Forward,University of Kansas,5090040.0,2018.0,2017.0,Phoenix Suns,38.9543439,-95.25579609999998
49,masonfr01,3-Apr-94,2017.0,Frank Mason III,Point Guard,University of Kansas,1184385.0,2018.0,2017.0,Sacramento Kings,38.9543439,-95.25579609999998
50,mclembe01,11-Feb-93,2013.0,Ben McLemore,Shooting Guard,University of Kansas,5200000.0,2018.0,2017.0,Memphis Grizzlies,38.9543439,-95.25579609999998
51,morrima03,2-Sep-89,2011.0,Marcus Morris,Small Forward,University of Kansas,5000000.0,2018.0,2017.0,Boston Celtics,38.9543439,-95.25579609999998
52,morrima02,2-Sep-89,2011.0,Markieff Morris,Power Forward,University of Kansas,8000000.0,2018.0,2017.0,Washington Wizards,38.9543439,-95.25579609999998
53,oubreke01,9-Dec-95,2015.0,Kelly Oubre Jr.,Small Forward,University of Kansas,2093040.0,2018.0,2017.0,Washington Wizards,38.9543439,-95.25579609999998
54,robinth01,17-Mar-91,2012.0,Thomas Robinson,Power Forward,University of Kansas,1050961.0,2017.0,2016.0,Los Angeles Lakers,38.9543439,-95.25579609999998
55,selbyjo01,27-Mar-91,2011.0,Josh Selby,Point Guard,University of Kansas,762195.0,2013.0,2012.0,Cleveland Cavaliers,38.9543439,-95.25579609999998
56,tayloty01,12-Apr-90,2012.0,Tyshawn Taylor,Point Guard,University of Kansas,788872.0,2014.0,2013.0,Brooklyn Nets,38.9543439,-95.25579609999998
57,wiggian01,23-Feb-95,2014.0,Andrew Wiggins,Small Forward,University of Kansas,7574322.0,2018.0,2017.0,Minnesota Timberwolves,38.9543439,-95.25579609999998
58,witheje01,7-Mar-90,2013.0,Jeff Withey,Center,University of Kansas,1577320.0,2018.0,2017.0,Dallas Mavericks,38.9543439,-95.25579609999998
59,allenja01,21-Apr-98,2017.0,Jarrett Allen,Center,University of Texas at Austin,1713720.0,2018.0,2017.0,Brooklyn Nets,30.2849185,-97.7340567
60,bradlav01,26-Nov-90,2010.0,Avery Bradley,Point Guard,University of Texas at Austin,8808989.0,2018.0,2017.0,Los Angeles Clippers,30.2849185,-97.7340567
61,hamiljo02,6-Oct-90,2011.0,Jordan Hamilton,Small Forward,University of Texas at Austin,119462.0,2016.0,2015.0,New Orleans Pelicans,30.2849185,-97.7340567
62,jamesda01,7-Oct-87,2010.0,Damion James,Small Forward,University of Texas at Austin,50258.0,2013.0,2012.0,Brooklyn Nets,30.2849185,-97.7340567
63,josepco01,20-Aug-91,2011.0,Cory Joseph,Point Guard,University of Texas at Austin,7630000.0,2018.0,2017.0,Indiana Pacers,30.2849185,-97.7340567
64,pittmde01,2-Mar-88,2010.0,Dexter Pittman,Center,University of Texas at Austin,854389.0,2013.0,2012.0,Memphis Grizzlies,30.2849185,-97.7340567
65,thomptr01,13-Mar-91,2011.0,Tristan Thompson,Power Forward,University of Texas at Austin,16400000.0,2018.0,2017.0,Cleveland Cavaliers,30.2849185,-97.7340567
66,turnemy01,24-Mar-96,2015.0,Myles Turner,Center,University of Texas at Austin,2569920.0,2018.0,2017.0,Indiana Pacers,30.2849185,-97.7340567
67,allenla01,4-Feb-89,2011.0,Lavoy Allen,Power Forward,Temple University,4000000.0,2017.0,2016.0,Indiana Pacers,39.98059420000001,-75.1557376
68,aminual01,21-Sep-90,2010.0,Al-Farouq Aminu,Power Forward,Wake Forest University,7319035.0,2018.0,2017.0,Portland Trail Blazers,36.1355052,-80.2791958
69,collijo01,23-Sep-97,2017.0,John Collins,Power Forward,Wake Forest University,1936920.0,2018.0,2017.0,Atlanta Hawks,36.1355052,-80.2791958
70,anderja01,25-Mar-89,2010.0,James Anderson,Small Forward,Oklahoma State University,1015421.0,2016.0,2015.0,Sacramento Kings,36.1270236,-97.0737222
71,evansja01,26-Jul-96,2017.0,Jawun Evans,Point Guard,Oklahoma State University,815615.0,2018.0,2017.0,Los Angeles Clippers,36.1270236,-97.0737222
72,smartma01,6-Mar-94,2014.0,Marcus Smart,Shooting Guard,Oklahoma State University,4538020.0,2018.0,2017.0,Boston Celtics,36.1270236,-97.0737222
73,anderju01,19-Nov-93,2015.0,Justin Anderson,Small Forward,University of Virginia,1579440.0,2018.0,2017.0,Philadelphia 76ers,38.0335529,-78.5079772
74,brogdma01,11-Dec-92,2016.0,Malcolm Brogdon,Shooting Guard,University of Virginia,1312611.0,2018.0,2017.0,Milwaukee Bucks,38.0335529,-78.5079772
75,harrijo01,6-Sep-91,2014.0,Joe Harris,Shooting Guard,University of Virginia,1524305.0,2018.0,2017.0,Brooklyn Nets,38.0335529,-78.5079772
76,scottmi01,16-Jul-88,2012.0,Mike Scott,Power Forward,University of Virginia,1471382.0,2018.0,2017.0,Washington Wizards,38.0335529,-78.5079772
77,anunoog01,17-Jul-97,2017.0,OG Anunoby,Small Forward,Indiana University,1645200.0,2018.0,2017.0,Toronto Raptors,39.1754487,-86.512627
78,bryanth01,31-Jul-97,2017.0,Thomas Bryant,Center,Indiana University,815615.0,2018.0,2017.0,Los Angeles Lakers,39.1754487,-86.512627
79,oladivi01,4-May-92,2013.0,Victor Oladipo,Shooting Guard,Indiana University,21000000.0,2018.0,2017.0,Indiana Pacers,39.1754487,-86.512627
80,vonleno01,24-Aug-95,2014.0,Noah Vonleh,Power Forward,Indiana University,3505233.0,2018.0,2017.0,Chicago Bulls,39.1754487,-86.512627
81,zelleco01,5-Oct-92,2013.0,Cody Zeller,Center,Indiana University,12584270.0,2018.0,2017.0,Charlotte Hornets,39.1754487,-86.512627
82,bairsca01,7-Dec-90,2014.0,Cameron Bairstow,Center and,University of New Mexico,845059.0,2016.0,2015.0,Chicago Bulls,35.084318700000004,-106.6197812
83,hobsoda01,29-Sep-87,2010.0,Darington Hobson,Shooting Guard,University of New Mexico,245884.0,2012.0,2011.0,Milwaukee Bucks,35.084318700000004,-106.6197812
84,snellto01,10-Nov-91,2013.0,Tony Snell,Shooting Guard,University of New Mexico,9821429.0,2018.0,2017.0,Milwaukee Bucks,35.084318700000004,-106.6197812
85,barneha02,30-May-92,2012.0,Harrison Barnes,Power Forward,University of North Carolina,23112004.0,2018.0,2017.0,Dallas Mavericks,35.90491220000001,-79.04691340000002
86,bradlto01,8-Jan-98,2017.0,Tony Bradley,Center,University of North Carolina,1414920.0,2018.0,2017.0,Utah Jazz,35.90491220000001,-79.04691340000002
87,bullore01,16-Mar-91,2013.0,Reggie Bullock,Shooting Guard,University of North Carolina,2500000.0,2018.0,2017.0,Detroit Pistons,35.90491220000001,-79.04691340000002
88,davised01,5-Jun-89,2010.0,Ed Davis,Center and,University of North Carolina,6352531.0,2018.0,2017.0,Portland Trail Blazers,35.90491220000001,-79.04691340000002
89,hairspj02,24-Dec-92,2014.0,P.J. Hairston,Small Forward,University of North Carolina,11534.0,2017.0,2016.0,Houston Rockets,35.90491220000001,-79.04691340000002
90,hensojo01,28-Dec-90,2012.0,John Henson,Center and,University of North Carolina,11422536.0,2018.0,2017.0,Milwaukee Bucks,35.90491220000001,-79.04691340000002
91,jacksju01,28-Mar-95,2017.0,Justin Jackson,Small Forward,University of North Carolina,2365560.0,2018.0,2017.0,Sacramento Kings,35.90491220000001,-79.04691340000002
92,johnsbr02,27-Jun-94,2016.0,Brice Johnson,Power Forward,University of North Carolina,1331160.0,2018.0,2017.0,Memphis Grizzlies,35.90491220000001,-79.04691340000002
93,marshke01,19-Aug-91,2012.0,Kendall Marshall,Point Guard,University of North Carolina,2144722.0,2016.0,2015.0,Philadelphia 76ers,35.90491220000001,-79.04691340000002
94,zellety01,17-Jan-90,2012.0,Tyler Zeller,Center,University of North Carolina,1709538.0,2018.0,2017.0,Milwaukee Bucks,35.90491220000001,-79.04691340000002
95,bartowi01,6-Jan-91,2012.0,Will Barton,Shooting Guard,University of Memphis,3533333.0,2018.0,2017.0,Denver Nuggets,35.1187498,-89.9374928
96,bealbr01,28-Jun-93,2012.0,Bradley Beal,Shooting Guard,University of Florida,23775506.0,2018.0,2017.0,Washington Wizards,29.6436325,-82.3549302
97,murpher01,26-Oct-90,2013.0,Erik Murphy,Center,University of Florida,100000.0,2015.0,2014.0,Boston Celtics,29.6436325,-82.3549302
98,parsoch01,25-Oct-88,2011.0,Chandler Parsons,Small Forward,University of Florida,23112004.0,2018.0,2017.0,Memphis Grizzlies,29.6436325,-82.3549302
99,belljo01,7-Jan-95,2017.0,Jordan Bell,Center,University of Oregon,815615.0,2018.0,2017.0,Golden State Warriors,44.0448302,-123.0726055
100,brookdi01,22-Jan-96,2017.0,Dillon Brooks,Small Forward,University of Oregon,815615.0,2018.0,2017.0,Memphis Grizzlies,44.0448302,-123.0726055
101,dorsety01,18-Feb-96,2017.0,Tyler Dorsey,Shooting Guard,University of Oregon,815615.0,2018.0,2017.0,Atlanta Hawks,44.0448302,-123.0726055
102,bembrde01,4-Jul-94,2016.0,DeAndre' Bembry,Shooting Guard,Saint Joseph's University,1567200.0,2018.0,2017.0,Atlanta Hawks,39.9951217,-75.23993279999998
103,bensoke02,13-Aug-88,2011.0,Keith Benson,Center,Oakland University,75000.0,2017.0,2016.0,Miami Heat,42.6679486,-83.2081632
104,bentibe01,29-Mar-95,2016.0,Ben Bentil,Power Forward,Providence College,31969.0,2017.0,2016.0,Dallas Mavericks,41.8440925,-71.4381653
105,brookma01,26-Jan-89,2011.0,MarShon Brooks,Shooting Guard,Providence College,332477.0,2018.0,2017.0,Memphis Grizzlies,41.8440925,-71.4381653
106,dunnkr01,18-Mar-94,2016.0,Kris Dunn,Point Guard,Providence College,4046760.0,2018.0,2017.0,Chicago Bulls,41.8440925,-71.4381653
107,booketr01,25-Nov-87,2010.0,Trevor Booker,Power Forward,Clemson University,332516.0,2018.0,2017.0,Indiana Pacers,34.673843700000006,-82.83686540000002
108,mcdankj01,9-Feb-93,2014.0,K.J. McDaniels,Small Forward,Clemson University,100000.0,2018.0,2017.0,Toronto Raptors,34.673843700000006,-82.83686540000002
109,brackcr01,9-Oct-87,2010.0,Craig Brackins,Power Forward,Iowa State University,1404960.0,2012.0,2011.0,Philadelphia 76ers,42.0266187,-93.6464654
110,whitero03,10-Apr-91,2012.0,Royce White,Power Forward,Iowa State University,1719480.0,2014.0,2013.0,Philadelphia 76ers,42.0266187,-93.6464654
111,brownja02,24-Oct-96,2016.0,Jaylen Brown,Small Forward,University of California,4956480.0,2018.0,2017.0,Boston Celtics,37.8718992,-122.2585399
112,crabbal01,9-Apr-92,2013.0,Allen Crabbe,Shooting Guard,University of California,19332500.0,2018.0,2017.0,Brooklyn Nets,37.8718992,-122.2585399
113,rabbiv01,4-Feb-97,2017.0,Ivan Rabb,Power Forward,University of California,950000.0,2018.0,2017.0,Memphis Grizzlies,37.8718992,-122.2585399
114,brownst02,10-Feb-95,2017.0,Sterling Brown,Shooting Guard,Southern Methodist University,815615.0,2018.0,2017.0,Milwaukee Bucks,32.8412178,-96.7845175
115,ojelese01,5-Dec-94,2017.0,Semi Ojeleye,Power Forward,Southern Methodist University,1291892.0,2018.0,2017.0,Boston Celtics,32.8412178,-96.7845175
116,burketr01,12-Nov-92,2013.0,Trey Burke,Point Guard,University of Michigan,784160.0,2018.0,2017.0,New York Knicks,42.2780436,-83.7382241
117,hardati02,16-Mar-92,2013.0,Tim Hardaway Jr.,Shooting Guard,University of Michigan,16500000.0,2018.0,2017.0,New York Knicks,42.2780436,-83.7382241
118,leverca01,25-Aug-94,2016.0,Caris LeVert,Small Forward,University of Michigan,1632480.0,2018.0,2017.0,Brooklyn Nets,42.2780436,-83.7382241
119,mcgarmi01,6-Jun-92,2014.0,Mitch McGary,Power Forward,University of Michigan,1526040.0,2017.0,2016.0,Oklahoma City Thunder,42.2780436,-83.7382241
120,morrida01,3-Jan-91,2011.0,Darius Morris,Point Guard,University of Michigan,702756.0,2015.0,2014.0,Brooklyn Nets,42.2780436,-83.7382241
121,robingl02,8-Jan-94,2014.0,Glenn Robinson III,Shooting Guard,University of Michigan,1524305.0,2018.0,2017.0,Indiana Pacers,42.2780436,-83.7382241
122,stausni01,7-Oct-93,2014.0,Nik Stauskas,Shooting Guard,University of Michigan,3807147.0,2018.0,2017.0,Brooklyn Nets,42.2780436,-83.7382241
123,wilsodj01,19-Feb-96,2017.0,D.J. Wilson,Power Forward,University of Michigan,2135040.0,2018.0,2017.0,Milwaukee Bucks,42.2780436,-83.7382241
124,burksal01,20-Jul-91,2011.0,Alec Burks,Shooting Guard,University of Colorado,10845506.0,2018.0,2017.0,Utah Jazz,40.00758099999999,-105.2659417
125,dinwisp01,6-Apr-93,2014.0,Spencer Dinwiddie,Point Guard,University of Colorado,1524305.0,2018.0,2017.0,Brooklyn Nets,40.00758099999999,-105.2659417
126,roberan03,4-Dec-91,2013.0,Andre Roberson,Shooting Guard,University of Colorado,9259259.0,2018.0,2017.0,Oklahoma City Thunder,40.00758099999999,-105.2659417
127,whitede01,2-Jul-94,2017.0,Derrick White,Point Guard,University of Colorado,1404600.0,2018.0,2017.0,San Antonio Spurs,40.00758099999999,-105.2659417
128,butleji01,14-Sep-89,2011.0,Jimmy Butler,Shooting Guard,Marquette University,19301070.0,2018.0,2017.0,Minnesota Timberwolves,43.03883370000001,-87.92856669999998
129,crowdja01,6-Jul-90,2012.0,Jae Crowder,Small Forward,Marquette University,6796117.0,2018.0,2017.0,Utah Jazz,43.03883370000001,-87.92856669999998
130,ellenhe01,13-Jan-97,2016.0,Henry Ellenson,Power Forward,Marquette University,1780800.0,2018.0,2017.0,Detroit Pistons,43.03883370000001,-87.92856669999998
131,haywala01,26-Nov-86,2010.0,Lazar Hayward,Small Forward,Marquette University,80413.0,2013.0,2012.0,Minnesota Timberwolves,43.03883370000001,-87.92856669999998
132,johnsda03,28-Sep-89,2012.0,Darius Johnson-Odom,Shooting Guard,Marquette University,192228.0,2013.0,2012.0,Los Angeles Lakers,43.03883370000001,-87.92856669999998
133,caldwke01,18-Feb-93,2013.0,Kentavious Caldwell-Pope,Shooting Guard,University of Georgia,17745894.0,2018.0,2017.0,Los Angeles Lakers,33.9480053,-83.37732209999999
134,leslitr01,29-Mar-90,2011.0,Travis Leslie,Shooting Guard,University of Georgia,250000.0,2013.0,2012.0,Los Angeles Clippers,33.9480053,-83.37732209999999
135,thomptr02,20-May-90,2011.0,Trey Thompkins,Center,University of Georgia,762195.0,2013.0,2012.0,Los Angeles Clippers,33.9480053,-83.37732209999999
136,canaais01,21-May-91,2013.0,Isaiah Canaan,Shooting Guard,Murray State University,53465.0,2018.0,2017.0,Houston Rockets,36.6163842,-88.32149790000003
137,payneca01,8-Aug-94,2015.0,Cameron Payne,Point Guard,Murray State University,2203440.0,2018.0,2017.0,Chicago Bulls,36.6163842,-88.32149790000003
138,cartemi01,10-Oct-91,2013.0,Michael Carter-Williams,Point Guard,Syracuse University,2700000.0,2018.0,2017.0,Charlotte Hornets,43.0391534,-76.1351158
139,chrisra01,1-Dec-91,2015.0,Rakeem Christmas,Power Forward,Syracuse University,172552.0,2018.0,2017.0,Indiana Pacers,43.0391534,-76.1351158
140,ennisty01,24-Aug-94,2014.0,Tyler Ennis,Point Guard,Syracuse University,1524305.0,2018.0,2017.0,Los Angeles Lakers,43.0391534,-76.1351158
141,grantje01,12-Mar-94,2014.0,Jerami Grant,Small Forward,Syracuse University,1524305.0,2018.0,2017.0,Oklahoma City Thunder,43.0391534,-76.1351158
142,josepkr01,17-Dec-88,2012.0,Kris Joseph,Small Forward,Syracuse University,189442.0,2013.0,2012.0,Boston Celtics,43.0391534,-76.1351158
143,lydonty01,9-Apr-96,2017.0,Tyler Lydon,Power Forward,Syracuse University,1579440.0,2018.0,2017.0,Denver Nuggets,43.0391534,-76.1351158
144,mcculch01,5-Feb-95,2015.0,Chris McCullough,Power Forward,Syracuse University,1471382.0,2018.0,2017.0,Washington Wizards,43.0391534,-76.1351158
145,melofa01,20-Jun-90,2012.0,Fab Melo,Center,Syracuse University,437080.0,2015.0,2014.0,Memphis Grizzlies,43.0391534,-76.1351158
146,rautian01,2-Nov-86,2010.0,Andy Rautins,Shooting Guard,Syracuse University,788872.0,2012.0,2011.0,Dallas Mavericks,43.0391534,-76.1351158
147,richama01,5-Jan-96,2016.0,Malachi Richardson,Shooting Guard,Syracuse University,1504560.0,2018.0,2017.0,Toronto Raptors,43.0391534,-76.1351158
148,waitedi01,10-Dec-91,2012.0,Dion Waiters,Shooting Guard,Syracuse University,11000000.0,2018.0,2017.0,Miami Heat,43.0391534,-76.1351158
149,chrisma01,2-Jul-97,2016.0,Marquese Chriss,Power Forward,University of Washington,3073800.0,2018.0,2017.0,Phoenix Suns,47.6912794,-122.3176141
150,fultzma01,29-May-98,2017.0,Markelle Fultz,Shooting Guard,University of Washington,7026240.0,2018.0,2017.0,Philadelphia 76ers,47.6912794,-122.3176141
151,murrade01,19-Sep-96,2016.0,Dejounte Murray,Point Guard,University of Washington,1312611.0,2018.0,2017.0,San Antonio Spurs,47.6912794,-122.3176141
152,pondequ01,10-Mar-88,2010.0,Quincy Pondexter,Small Forward,University of Washington,3853931.0,2018.0,2017.0,Chicago Bulls,47.6912794,-122.3176141
153,rosste01,5-Feb-91,2012.0,Terrence Ross,Small Forward,University of Washington,10500000.0,2018.0,2017.0,Orlando Magic,47.6912794,-122.3176141
154,thomais02,7-Feb-89,2011.0,Isaiah Thomas,Point Guard,University of Washington,6261395.0,2018.0,2017.0,Los Angeles Lakers,47.6912794,-122.3176141
155,wroteto01,13-Apr-93,2012.0,Tony Wroten,Shooting Guard,University of Washington,25000.0,2017.0,2016.0,Memphis Grizzlies,47.6912794,-122.3176141
156,chrisse01,1-Nov-92,2014.0,Semaj Christon,Point Guard,Xavier University,543471.0,2017.0,2016.0,Oklahoma City Thunder,39.149448,-84.47363740000002
157,coleno01,13-Oct-88,2011.0,Norris Cole,Point Guard,Cleveland State University,247991.0,2017.0,2016.0,Oklahoma City Thunder,41.5025072,-81.6746268
158,colliza01,19-Nov-97,2017.0,Zach Collins,Center,Gonzaga University,3057240.0,2018.0,2017.0,Portland Trail Blazers,47.66703210000001,-117.4014343
159,olynyke01,19-Apr-91,2013.0,Kelly Olynyk,Center and,Gonzaga University,10607169.0,2018.0,2017.0,Miami Heat,47.66703210000001,-117.4014343
160,sabondo01,3-May-96,2016.0,Domantas Sabonis,Center and,Gonzaga University,2550000.0,2018.0,2017.0,Indiana Pacers,47.66703210000001,-117.4014343
161,sacrero01,6-Jun-89,2012.0,Robert Sacre,Center,Gonzaga University,981348.0,2016.0,2015.0,Los Angeles Lakers,47.66703210000001,-117.4014343
162,connapa01,6-Jan-93,2015.0,Pat Connaughton,Shooting Guard,University of Notre Dame,1471382.0,2018.0,2017.0,Portland Trail Blazers,41.7055716,-86.2353388
163,grantje02,9-Oct-92,2015.0,Jerian Grant,Point Guard,University of Notre Dame,1713840.0,2018.0,2017.0,Chicago Bulls,41.7055716,-86.2353388
164,haranlu01,2-Jan-88,2010.0,Luke Harangody,Power Forward,University of Notre Dame,1054389.0,2013.0,2012.0,Cleveland Cavaliers,41.7055716,-86.2353388
165,cunnija01,22-May-91,2012.0,Jared Cunningham,Shooting Guard,Oregon State University,57726.0,2016.0,2015.0,Milwaukee Bucks,44.5637806,-123.2794443
166,davisde01,2-Dec-96,2016.0,Deyonta Davis,Center,Michigan State University,1312611.0,2018.0,2017.0,Memphis Grizzlies,42.701848,-84.4821719
167,dawsobr01,1-Feb-93,2015.0,Branden Dawson,Power Forward,Michigan State University,525093.0,2016.0,2015.0,Los Angeles Clippers,42.701848,-84.4821719
168,greendr01,4-Mar-90,2012.0,Draymond Green,Small Forward,Michigan State University,16400000.0,2018.0,2017.0,Golden State Warriors,42.701848,-84.4821719
169,harriga01,14-Sep-94,2014.0,Gary Harris,Shooting Guard,Michigan State University,2550055.0,2018.0,2017.0,Denver Nuggets,42.701848,-84.4821719
170,valende01,16-Nov-93,2016.0,Denzel Valentine,Shooting Guard,Michigan State University,2186400.0,2018.0,2017.0,Chicago Bulls,42.701848,-84.4821719
171,dekkesa01,6-May-94,2015.0,Sam Dekker,Power Forward,University of Wisconsin,1794600.0,2018.0,2017.0,Los Angeles Clippers,43.076592,-89.4124875
172,kaminfr01,4-Apr-93,2015.0,Frank Kaminsky,Center and,University of Wisconsin,2847600.0,2018.0,2017.0,Charlotte Hornets,43.076592,-89.4124875
173,leuerjo01,14-May-89,2011.0,Jon Leuer,Center and,University of Wisconsin,10497319.0,2018.0,2017.0,Detroit Pistons,43.076592,-89.4124875
174,dienggo01,18-Jan-90,2013.0,Gorgui Dieng,Center and,University of Louisville,14112360.0,2018.0,2017.0,Minnesota Timberwolves,38.2122761,-85.75850229999998
175,harremo01,26-Jan-94,2015.0,Montrezl Harrell,Power Forward,University of Louisville,1471382.0,2018.0,2017.0,Los Angeles Clippers,38.2122761,-85.75850229999998
176,mitchdo01,7-Sep-96,2017.0,Donovan Mitchell,Shooting Guard,University of Louisville,2621280.0,2018.0,2017.0,Utah Jazz,38.2122761,-85.75850229999998
177,onuakch01,1-Nov-96,2016.0,Chinanu Onuaku,Center,University of Louisville,1312611.0,2018.0,2017.0,Houston Rockets,38.2122761,-85.75850229999998
178,roziete01,17-Mar-94,2015.0,Terry Rozier,Point Guard,University of Louisville,1988520.0,2018.0,2017.0,Boston Celtics,38.2122761,-85.75850229999998
179,sivape01,24-Oct-90,2013.0,Peyton Siva,Shooting Guard,University of Louisville,100000.0,2015.0,2014.0,Orlando Magic,38.2122761,-85.75850229999998
180,smithru01,19-Apr-91,2014.0,Russ Smith,Point Guard,University of Louisville,816482.0,2016.0,2015.0,Memphis Grizzlies,38.2122761,-85.75850229999998
181,drumman01,10-Aug-93,2012.0,Andre Drummond,Center,University of Connecticut,23775506.0,2018.0,2017.0,Detroit Pistons,41.8077414,-72.25398050000003
182,lambje01,30-May-92,2012.0,Jeremy Lamb,Small Forward,University of Connecticut,7000000.0,2018.0,2017.0,Charlotte Hornets,41.8077414,-72.25398050000003
183,napiesh01,14-Jul-91,2014.0,Shabazz Napier,Point Guard,University of Connecticut,2361360.0,2018.0,2017.0,Portland Trail Blazers,41.8077414,-72.25398050000003
184,walkeke02,8-May-90,2011.0,Kemba Walker,Point Guard,University of Connecticut,12000000.0,2018.0,2017.0,Charlotte Hornets,41.8077414,-72.25398050000003
185,earlycl01,17-Apr-91,2014.0,Cleanthony Early,Small Forward,Wichita State University,845059.0,2016.0,2015.0,New York Knicks,37.71863670000001,-97.29414140000002
186,ebankde01,28-Oct-89,2010.0,Devin Ebanks,Shooting Guard,West Virginia University,1054389.0,2013.0,2012.0,Los Angeles Lakers,39.6480359,-79.9697147
187,engliki01,24-Sep-88,2012.0,Kim English,Shooting Guard,University of Missouri,473604.0,2013.0,2012.0,Detroit Pistons,38.94038079999999,-92.3277375
188,evansje01,24-Oct-87,2010.0,Jeremy Evans,Power Forward,Western Kentucky University,133129.0,2018.0,2017.0,Atlanta Hawks,36.983537,-86.4573752
189,ezelife01,21-Oct-89,2012.0,Festus Ezeli,Center,Vanderbilt University,333334.0,2018.0,2017.0,Portland Trail Blazers,36.1447034,-86.8026551
190,jenkijo01,6-Mar-91,2012.0,John Jenkins,Shooting Guard,Vanderbilt University,469841.0,2017.0,2016.0,Phoenix Suns,36.1447034,-86.8026551
191,jonesda03,30-Jun-95,2016.0,Damian Jones,Center,Vanderbilt University,1312611.0,2018.0,2017.0,Golden State Warriors,36.1447034,-86.8026551
192,tayloje03,23-May-89,2012.0,Jeff Taylor,Small Forward,Vanderbilt University,915243.0,2015.0,2014.0,Charlotte Hornets,36.1447034,-86.8026551
193,farieke01,19-Nov-89,2011.0,Kenneth Faried,Center and,Morehead State University,12921348.0,2018.0,2017.0,Denver Nuggets,38.1886162,-83.4315122
194,favorde01,15-Jul-91,2010.0,Derrick Favors,Center and,Georgia Institute of Technology,12000000.0,2018.0,2017.0,Utah Jazz,33.7756178,-84.39628499999998
195,lawalga01,7-Nov-88,2010.0,Gani Lawal,Power Forward,Georgia Institute of Technology,473640.0,2011.0,2010.0,Phoenix Suns,33.7756178,-84.39628499999998
196,ricegl02,1-Jan-91,2013.0,Glen Rice Jr.,Shooting Guard,Georgia Institute of Technology,400000.0,2015.0,2014.0,Washington Wizards,33.7756178,-84.39628499999998
197,shumpim01,26-Jun-90,2011.0,Iman Shumpert,Shooting Guard,Georgia Institute of Technology,10337079.0,2018.0,2017.0,Sacramento Kings,33.7756178,-84.39628499999998
198,felixca01,17-Aug-90,2013.0,Carrick Felix,Shooting Guard,Arizona State University,140902.0,2018.0,2017.0,Washington Wizards,33.4242399,-111.9280527
199,fieldla01,27-Jun-88,2010.0,Landry Fields,Shooting Guard,Stanford University,6250000.0,2015.0,2014.0,Toronto Raptors,37.4274745,-122.169719
200,huestjo01,19-Dec-91,2014.0,Josh Huestis,Power Forward,Stanford University,1471382.0,2018.0,2017.0,Oklahoma City Thunder,37.4274745,-122.169719
201,poweldw01,20-Jul-91,2014.0,Dwight Powell,Power Forward,Stanford University,9003125.0,2018.0,2017.0,Dallas Mavericks,37.4274745,-122.169719
202,frankja01,21-Jul-91,2013.0,Jamaal Franklin,Shooting Guard,San Diego State University,163296.0,2018.0,2017.0,Memphis Grizzlies,32.7759894,-117.0712533
203,leonaka01,29-Jun-91,2011.0,Kawhi Leonard,Small Forward,San Diego State University,18868625.0,2018.0,2017.0,San Antonio Spurs,32.7759894,-117.0712533
204,fredeji01,25-Feb-89,2011.0,Jimmer Fredette,Shooting Guard,Brigham Young University,54812.0,2016.0,2015.0,New Orleans Pelicans,40.2518435,-111.6493156
205,gilesha01,22-Apr-98,2017.0,Harry Giles,Power Forward,Duke University,1859400.0,2018.0,2017.0,Sacramento Kings,36.0014258,-78.9382286
206,ingrabr01,2-Sep-97,2016.0,Brandon Ingram,Small Forward,Duke University,5519400.0,2018.0,2017.0,Los Angeles Lakers,36.0014258,-78.9382286
207,irvinky01,23-Mar-92,2011.0,Kyrie Irving,Point Guard,Duke University,18868625.0,2018.0,2017.0,Boston Celtics,36.0014258,-78.9382286
208,jacksfr01,4-May-98,2017.0,Frank Jackson,Point Guard,Duke University,815615.0,2018.0,2017.0,New Orleans Pelicans,36.0014258,-78.9382286
209,jonesty01,10-May-96,2015.0,Tyus Jones,Point Guard,Duke University,1471382.0,2018.0,2017.0,Minnesota Timberwolves,36.0014258,-78.9382286
210,kellyry01,9-Apr-91,2013.0,Ryan Kelly,Power Forward,Duke University,418228.0,2017.0,2016.0,Atlanta Hawks,36.0014258,-78.9382286
211,kennalu01,24-Jun-96,2017.0,Luke Kennard,Shooting Guard,Duke University,2759280.0,2018.0,2017.0,Detroit Pistons,36.0014258,-78.9382286
212,okafoja01,15-Dec-95,2015.0,Jahlil Okafor,Center,Duke University,4995120.0,2018.0,2017.0,Brooklyn Nets,36.0014258,-78.9382286
213,parkeja01,15-Mar-95,2014.0,Jabari Parker,Power Forward,Duke University,6782392.0,2018.0,2017.0,Milwaukee Bucks,36.0014258,-78.9382286
214,plumlma01,5-Mar-90,2013.0,Mason Plumlee,Center,Duke University,14041096.0,2018.0,2017.0,Denver Nuggets,36.0014258,-78.9382286
215,plumlmi01,1-Sep-88,2012.0,Miles Plumlee,Center,Duke University,12500000.0,2018.0,2017.0,Atlanta Hawks,36.0014258,-78.9382286
216,riverau01,1-Aug-92,2012.0,Austin Rivers,Point Guard,Duke University,11825000.0,2018.0,2017.0,Los Angeles Clippers,36.0014258,-78.9382286
217,singlky01,4-May-88,2011.0,Kyle Singler,Small Forward,Duke University,4666500.0,2018.0,2017.0,Oklahoma City Thunder,36.0014258,-78.9382286
218,smithno01,25-Jul-88,2011.0,Nolan Smith,Point Guard,Duke University,1404960.0,2013.0,2012.0,Portland Trail Blazers,36.0014258,-78.9382286
219,tatumja01,3-Mar-98,2017.0,Jayson Tatum,Small Forward,Duke University,5645400.0,2018.0,2017.0,Boston Celtics,36.0014258,-78.9382286
220,winslju01,26-Mar-96,2015.0,Justise Winslow,Power Forward,Duke University,2705040.0,2018.0,2017.0,Miami Heat,36.0014258,-78.9382286
221,gordoaa01,16-Sep-95,2014.0,Aaron Gordon,Power Forward,University of Arizona,5504420.0,2018.0,2017.0,Orlando Magic,32.2318851,-110.9501094
222,hillso01,18-Mar-91,2013.0,Solomon Hill,Small Forward,University of Arizona,12236535.0,2018.0,2017.0,New Orleans Pelicans,32.2318851,-110.9501094
223,holliro01,3-Jan-95,2015.0,Rondae Hollis-Jefferson,Small Forward,University of Arizona,1471382.0,2018.0,2017.0,Brooklyn Nets,32.2318851,-110.9501094
224,jerregr01,8-Jul-93,2013.0,Grant Jerrett,Power Forward,University of Arizona,947276.0,2016.0,2015.0,Utah Jazz,32.2318851,-110.9501094
225,johnsni01,22-Dec-92,2014.0,Nick Johnson,Shooting Guard,University of Arizona,980431.0,2017.0,2016.0,Denver Nuggets,32.2318851,-110.9501094
226,johnsst04,29-May-96,2015.0,Stanley Johnson,Small Forward,University of Arizona,3097800.0,2018.0,2017.0,Detroit Pistons,32.2318851,-110.9501094
227,markkla01,22-May-97,2017.0,Lauri Markkanen,Power Forward,University of Arizona,3821640.0,2018.0,2017.0,Chicago Bulls,32.2318851,-110.9501094
228,willide02,25-May-91,2011.0,Derrick Williams,Power Forward,University of Arizona,83129.0,2018.0,2017.0,Los Angeles Lakers,32.2318851,-110.9501094
229,goudean01,7-Dec-88,2011.0,Andrew Goudelock,Point Guard,College of Charleston,200600.0,2016.0,2015.0,Houston Rockets,32.7834441,-79.93700179999998
230,greener01,9-May-91,2013.0,Erick Green,Point Guard,Virginia Polytechnic Institute and State University,99418.0,2016.0,2015.0,Utah Jazz,37.22838429999999,-80.42341669999998
231,hammoaj01,27-Aug-92,2016.0,A.J. Hammons,Center,Purdue University,1312611.0,2018.0,2017.0,Miami Heat,40.4237054,-86.92119459999998
232,hummero01,8-Mar-89,2012.0,Robbie Hummel,Small Forward,Purdue University,150000.0,2017.0,2016.0,Denver Nuggets,40.4237054,-86.92119459999998
233,johnsja02,8-Feb-89,2011.0,JaJuan Johnson,Power Forward,Purdue University,1120440.0,2013.0,2012.0,Houston Rockets,40.4237054,-86.92119459999998
234,mooreet01,25-Feb-89,2011.0,E'Twaun Moore,Point Guard,Purdue University,8445024.0,2018.0,2017.0,New Orleans Pelicans,40.4237054,-86.92119459999998
235,swanica01,18-Apr-97,2017.0,Caleb Swanigan,Power Forward,Purdue University,1465920.0,2018.0,2017.0,Portland Trail Blazers,40.4237054,-86.92119459999998
236,harklma01,11-May-93,2012.0,Maurice Harkless,Small Forward,St. John's University,10162922.0,2018.0,2017.0,Portland Trail Blazers,40.7220627,-73.79421119999998
237,harpeju01,30-Aug-89,2011.0,Justin Harper,Power Forward,University of Richmond,57672.0,2017.0,2016.0,Philadelphia 76ers,37.5751669,-77.5407146
238,harrito02,15-Jul-92,2011.0,Tobias Harris,Power Forward,University of Tennessee,16000000.0,2018.0,2017.0,Los Angeles Clippers,35.9544013,-83.92945639999998
239,mcraejo01,28-Mar-91,2014.0,Jordan McRae,Shooting Guard,University of Tennessee,874636.0,2017.0,2016.0,Cleveland Cavaliers,35.9544013,-83.92945639999998
240,richajo01,15-Sep-93,2015.0,Josh Richardson,Shooting Guard,University of Tennessee,1471382.0,2018.0,2017.0,Miami Heat,35.9544013,-83.92945639999998
241,stokeja01,7-Jan-94,2014.0,Jarnell Stokes,Center and,University of Tennessee,150000.0,2017.0,2016.0,Denver Nuggets,35.9544013,-83.92945639999998
242,hartjo01,6-Mar-95,2017.0,Josh Hart,Shooting Guard,Villanova University,1394520.0,2018.0,2017.0,Los Angeles Lakers,40.03789520000001,-75.34333149999998
243,haywago01,23-Mar-90,2010.0,Gordon Hayward,Power Forward,Butler University,29727900.0,2018.0,2017.0,Boston Celtics,39.8405491,-86.1708927
244,macksh01,22-Apr-90,2011.0,Shelvin Mack,Shooting Guard,Butler University,6000000.0,2018.0,2017.0,Orlando Magic,39.8405491,-86.1708927
245,hieldbu01,17-Dec-92,2016.0,Buddy Hield,Shooting Guard,University of Oklahoma,3675480.0,2018.0,2017.0,Sacramento Kings,35.2058936,-97.4457137
246,warrewi01,22-Oct-89,2010.0,Willie Warren,Point Guard,University of Oklahoma,500000.0,2011.0,2010.0,Los Angeles Clippers,35.2058936,-97.4457137
247,holmeri01,15-Oct-93,2015.0,Richaun Holmes,Center and,Bowling Green State University,1471382.0,2018.0,2017.0,Philadelphia 76ers,41.3797788,-83.6300826
248,iwundwe01,20-Dec-94,2017.0,Wesley Iwundu,Small Forward,Kansas State University,1050000.0,2018.0,2017.0,Orlando Magic,39.1974437,-96.5847249
249,jacksre01,16-Apr-90,2011.0,Reggie Jackson,Point Guard,Boston College,16000000.0,2018.0,2017.0,Detroit Pistons,42.3355488,-71.16849450000002
250,jenkich01,28-Feb-89,2011.0,Charles Jenkins,Point Guard,Hofstra University,762195.0,2013.0,2012.0,Philadelphia 76ers,40.7166872,-73.5993965
251,jonesdo02,15-Oct-88,2010.0,Dominique Jones,Point Guard,University of South Florida,1276560.0,2013.0,2012.0,Dallas Mavericks,28.0587031,-82.41385389999998
252,jordaje01,29-Sep-86,2010.0,Jerome Jordan,Center,University of Tulsa,915243.0,2015.0,2014.0,Brooklyn Nets,36.15205260000001,-95.9460753
253,kuzmaky01,24-Jul-95,2017.0,Kyle Kuzma,Power Forward,University of Utah,1423560.0,2018.0,2017.0,Los Angeles Lakers,40.7649368,-111.8421021
254,poeltja01,15-Oct-95,2016.0,Jakob Poeltl,Center,University of Utah,2825640.0,2018.0,2017.0,Toronto Raptors,40.7649368,-111.8421021
255,wrighde01,26-Apr-92,2015.0,Delon Wright,Point Guard,University of Utah,1645200.0,2018.0,2017.0,Toronto Raptors,40.7649368,-111.8421021
256,larkish01,2-Oct-92,2013.0,Shane Larkin,Point Guard,University of Miami,1471382.0,2018.0,2017.0,Boston Celtics,25.7178924,-80.2746368
257,reedda01,11-Jun-95,2017.0,Davon Reed,Shooting Guard,University of Miami,815615.0,2018.0,2017.0,Phoenix Suns,25.7178924,-80.2746368
258,laymaja01,7-Mar-94,2016.0,Jake Layman,Small Forward,University of Maryland,1312611.0,2018.0,2017.0,Portland Trail Blazers,38.9869183,-76.9425543
259,lenal01,16-Jun-93,2013.0,Alex Len,Center,University of Maryland,4187599.0,2018.0,2017.0,Phoenix Suns,38.9869183,-76.9425543
260,stonedi01,10-Feb-97,2016.0,Diamond Stone,Center,University of Maryland,50000.0,2018.0,2017.0,Chicago Bulls,38.9869183,-76.9425543
261,vasqugr01,16-Jan-87,2010.0,Greivis Vasquez,Point Guard,University of Maryland,4347826.0,2017.0,2016.0,Brooklyn Nets,38.9869183,-76.9425543
262,willijo03,11-Oct-90,2011.0,Jordan Williams,Center,University of Maryland,762195.0,2013.0,2012.0,Atlanta Hawks,38.9869183,-76.9425543
263,leoname01,27-Feb-92,2012.0,Meyers Leonard,Power Forward,University of Illinois at Urbana-Champaign,9904495.0,2018.0,2017.0,Portland Trail Blazers,40.1019523,-88.2271615
264,lillada01,15-Jul-90,2012.0,Damian Lillard,Point Guard,Weber State University,26153057.0,2018.0,2017.0,Portland Trail Blazers,41.19246820000001,-111.9444959
265,marblde01,21-Sep-92,2014.0,Devyn Marble,Shooting Guard,University of Iowa,845059.0,2016.0,2015.0,Orlando Magic,41.6626963,-91.5548998
266,martija01,24-May-94,2015.0,Jarell Martin,Power Forward,Louisiana State University,1471382.0,2018.0,2017.0,Memphis Grizzlies,30.4132579,-91.1800023
267,mickejo01,9-Jul-94,2015.0,Jordan Mickey,Power Forward,Louisiana State University,1471382.0,2018.0,2017.0,Miami Heat,30.4132579,-91.1800023
268,obryajo01,1-Jun-93,2014.0,Johnny O'Bryant,Power Forward,Louisiana State University,1524305.0,2018.0,2017.0,New York Knicks,30.4132579,-91.1800023
269,simmobe01,20-Jul-96,2016.0,Ben Simmons,Point Guard,Louisiana State University,6168840.0,2018.0,2017.0,Philadelphia 76ers,30.4132579,-91.1800023
270,mccalra01,12-Jun-91,2013.0,Ray McCallum,Point Guard,University of Detroit Mercy,11949.0,2017.0,2016.0,Detroit Pistons,42.4141556,-83.1379932
271,mccolcj01,19-Sep-91,2013.0,CJ McCollum,Shooting Guard,Lehigh University,23962573.0,2018.0,2017.0,Portland Trail Blazers,40.6048687,-75.37751870000002
272,mcderdo01,3-Jan-92,2014.0,Doug McDermott,Small Forward,Creighton University,3294994.0,2018.0,2017.0,Dallas Mavericks,41.2655521,-95.9463862
273,pattoju01,14-Jun-97,2017.0,Justin Patton,Center,Creighton University,2247480.0,2018.0,2017.0,Minnesota Timberwolves,41.2655521,-95.9463862
274,middlkh01,12-Aug-91,2012.0,Khris Middleton,Shooting Guard,Texas A&M University,14100000.0,2018.0,2017.0,Milwaukee Bucks,30.6090918,-96.3337124
275,mitchto02,7-Apr-92,2013.0,Tony Mitchell,Power Forward,University of North Texas,816482.0,2015.0,2014.0,Phoenix Suns,33.207488,-97.1525862
276,monrogr01,4-Jun-90,2010.0,Greg Monroe,Power Forward,Georgetown University,5000000.0,2018.0,2017.0,Boston Celtics,38.9076089,-77.07225849999998
277,porteot01,3-Jun-93,2013.0,Otto Porter,Small Forward,Georgetown University,24773250.0,2018.0,2017.0,Washington Wizards,38.9076089,-77.07225849999998
278,murphke01,6-Mar-90,2012.0,Kevin Murphy,Shooting Guard,Tennessee Technological University,65000.0,2015.0,2014.0,Utah Jazz,36.1757592,-85.50863740000001
279,muscami01,1-Jul-91,2013.0,Mike Muscala,Power Forward,Bucknell University,5000000.0,2018.0,2017.0,Atlanta Hawks,40.9547722,-76.88507589999998
280,ndiayha01,12-Jan-87,2010.0,Hamady N'Diaye,Center,Rutgers University,270427.0,2012.0,2011.0,Washington Wizards,40.741078,-74.17327359999999
281,nancela02,1-Jan-93,2015.0,Larry Nance Jr.,Center and,University of Wyoming,1471382.0,2018.0,2017.0,Cleveland Cavaliers,41.3148754,-105.5665744
282,nichoan01,8-Dec-89,2012.0,Andrew Nicholson,Power Forward,St. Bonaventure University,2844429.0,2018.0,2017.0,Portland Trail Blazers,42.0794875,-78.48427029999998
283,oquinky01,26-Mar-90,2012.0,Kyle O'Quinn,Center and,Norfolk State University,4087500.0,2018.0,2017.0,New York Knicks,36.8480161,-76.262085
284,paytoel01,22-Feb-94,2014.0,Elfrid Payton,Point Guard,University of Louisiana at Lafayette,3332340.0,2018.0,2017.0,Phoenix Suns,30.2114404,-92.0204121
285,portibo01,10-Feb-95,2015.0,Bobby Portis,Power Forward,University of Arkansas,1516320.0,2018.0,2017.0,Chicago Bulls,36.06868950000001,-94.1748471
286,russeda01,23-Feb-96,2015.0,D'Angelo Russell,Point Guard,Ohio State University,5562360.0,2018.0,2017.0,Brooklyn Nets,40.0068363,-83.03062220000002
287,sullija01,4-Mar-92,2012.0,Jared Sullinger,Power Forward,Ohio State University,5628000.0,2017.0,2016.0,Phoenix Suns,40.0068363,-83.03062220000002
288,turneev01,27-Oct-88,2010.0,Evan Turner,Small Forward,Ohio State University,17131148.0,2018.0,2017.0,Portland Trail Blazers,40.0068363,-83.03062220000002
289,sandela01,21-Nov-88,2010.0,Larry Sanders,Power Forward,Virginia Commonwealth University,1865547.0,2018.0,2017.0,Milwaukee Bucks,37.54831220000001,-77.4526805
290,siakapa01,2-Apr-94,2016.0,Pascal Siakam,Power Forward,New Mexico State University,1312611.0,2018.0,2017.0,Toronto Raptors,32.2787745,-106.7479059
291,smithde03,25-Nov-97,2017.0,Dennis Smith Jr.,Point Guard,North Carolina State University,3218280.0,2018.0,2017.0,Dallas Mavericks,35.7846633,-78.6820946
292,warretj01,5-Sep-93,2014.0,T.J. Warren,Small Forward,North Carolina State University,3152931.0,2018.0,2017.0,Phoenix Suns,35.7846633,-78.6820946
293,stephla01,5-Sep-90,2010.0,Lance Stephenson,Small Forward,University of Cincinnati,4180000.0,2018.0,2017.0,Indiana Pacers,39.1329219,-84.51495039999998
294,thompkl01,8-Feb-90,2011.0,Klay Thompson,Shooting Guard,Washington State University,17826150.0,2018.0,2017.0,Golden State Warriors,46.7319225,-117.1542121
295,thornsi01,15-Nov-94,2017.0,Sindarius Thornwell,Shooting Guard,University of South Carolina,815615.0,2018.0,2017.0,Los Angeles Clippers,33.9937575,-81.0299186
296,varnaja01,1-Mar-88,2010.0,Jarvis Varnado,Power Forward,Mississippi State University,75000.0,2015.0,2014.0,Philadelphia 76ers,33.455174199999995,-88.79437659999998
297,vucevni01,24-Oct-90,2011.0,Nikola Vucevic,Center,University of Southern California,12250000.0,2018.0,2017.0,Orlando Magic,34.0223519,-118.285117
298,whiteis01,8-Mar-95,2016.0,Isaiah Whitehead,Point Guard,Seton Hall University,1312611.0,2018.0,2017.0,Brooklyn Nets,40.7433773,-74.2465446
299,whiteha01,13-Jun-89,2010.0,Hassan Whiteside,Center,Marshall University,23775506.0,2018.0,2017.0,Miami Heat,38.4235252,-82.42641449999998
300,,,,,nan, University of Oregon,,,,,44.0448302,-123.0726055
